{
"conf": {"name":"Test",
"fbWidth":320,
"fbHeight":240,
"fbFormat":0,"clearColor":[0.20161288976669312,0.20161288976669312,0.20161288976669312,1.0],
"doClearColor":true,
"doClearDepth":true},
"graph": {"id":0,
"name":"Scene",
"uuid":4252910706,
"selectable":true,
"enabled":true,
"isGroup":true,"pos":[0.0,0.0,0.0],"rot":[0.0,0.0,0.0,0.0],"scale":[0.0,0.0,0.0],"components":[],"children":[{"id":1,
"name":"Camera",
"uuid":2593312191,
"selectable":true,
"enabled":true,
"isGroup":false,"pos":[100.0,100.0,100.0],"rot":[0.0,0.0,0.0,1.0],"scale":[1.0,1.0,1.0],"components":[{"id":3,
"uuid":591397515709753079,
"name":"Camera","data":{"vpOffset":[0,0],"vpSize":[320,240],
"fov":1.3089969158172607,
"near":10.0,
"far":1000.0}
}],"children":[]}]}
}
